<?xml version="1.0" encoding="UTF-8" standalone="yes"?>
<addon id="video.kodi.episode.selector" name="KES" version="1.0.2" provider-name="Dustin & Hsu & Mahella">
    <requires>
        <import addon="xbmc.python" version="3.0.0"/>
    </requires>
	<extension point="xbmc.python.script" library="default.py">
		<provides>videos</provides>
	</extension>
	
	<extension point="xbmc.addon.metadata">
		<contextmenu>
        	<item label="Options" oncontextmenu="RunPlugin(plugin://addon.id/?action=options)"/>
    	</contextmenu>

		<menu id="kodi.core.main">
			<item library="contextitem.py">
				<label>30000</label>
				<visible>true</visible>
			</item>
		</menu>

		<platform>all</platform>
		<summary lang="en">An Addon that will help you choose what to what to watch</summary>
		<description lang="en">KES arranges all of your collection's movies and TV episodes, making it simple to find what you want to watch on your device.</description>
		<license>GNU General Public License, v2</license>
		<language></language>
        <website></website>
        <email></email>
		<source>https://github.com/dustinmcmahon/kodiAddon</source>
		<assets>
			<icon>KES.png</icon>
		</assets>
		<news>Updated the addon to use new addon.xml metadata</news>
	</extension>
</addon>